root_id,label,name,nt_type,flow,super_class,class,sub_class,cell_type,hemilineage,nerve,connectivity_tag,side,input_synapses,output_synapses
720575940627354562,['aIPg; named `putative aIP neuron 5162596 MD` in FAFB; aIP neurons from Janelia`s hemibrain dataset are described in this paper https://elifesciences.org/articles/58942'; 'aIPg4'],SIP.30,ACH,intrinsic,central,,,['CB2204'; 'aIPgc'],VLPl&p1_posterior,,['rich_club'; 'reciprocal'; 'feedforward_loop_participant'; '3_cycle_participant'],left,170,878
720575940623730634,['aIPg; named `putative aIP neuron 5145520 MD` in FAFB; aIP neurons from Janelia`s hemibrain dataset are described in this paper https://elifesciences.org/articles/58942'; 'aIPg4'],SIP.16,ACH,intrinsic,central,,,['CB1877'; 'aIPgc'],VLPl&p1_posterior,,['rich_club'; 'reciprocal'; 'feedforward_loop_participant'; '3_cycle_participant'],left,303,1059
720575940613518092,['pC1d_TopOutputs (Neuprint1.1 SMP555/SMP556) | pC1e_TopOutputs (Neuprint1.1 SMP555/SMP556) | aIPg-a(FW)/SMP555/556(HB)'; 'SMP556'],SIP.SMP.10,ACH,intrinsic,central,,,['SMP555'; 'SMP556'; 'aIPga'],VLPl&p1_posterior,,['rich_club'; 'reciprocal'; 'feedforward_loop_participant'; '3_cycle_participant'],right,632,413
720575940630355537,['aIPg-a(FW)/SMP555/556(HB)'; 'aIPg-LIKE'],ICL.98,ACH,intrinsic,central,,,['CL261a'; 'CL261'],VLPl&p1_posterior,,['rich_club'; 'reciprocal'; 'feedforward_loop_participant'; '3_cycle_participant'],right,645,340
720575940612938645,['aIPg; named `putative aIP neuron 5302373 MD` in FAFB; aIP neurons from Janelia`s hemibrain dataset are described in this paper https://elifesciences.org/articles/58942'; 'pC1d_TopOutputs (Neuprint1.1 aIPg1-3) | aIP-g-b(FW)'; 'aIPg1'],SIP.19,ACH,intrinsic,central,,,['CB1127'; 'aIPgb'],VLPl&p1_posterior,,['rich_club'; 'reciprocal'; 'feedforward_loop_participant'; '3_cycle_participant'],left,303,924
720575940617574229,['aIPg; named `putative aIP neuron 5163276 MD` in FAFB; aIP neurons from Janelia`s hemibrain dataset are described in this paper https://elifesciences.org/articles/58942'; 'aIPg4'],SIP.24,ACH,intrinsic,central,,,['CB2204'; 'aIPgc'],VLPl&p1_posterior,,['rich_club'; 'reciprocal'; 'feedforward_loop_participant'; '3_cycle_participant'],left,264,931
720575940625855004,['aIPg; named `putative aIP neuron 5163301 MD` in FAFB; aIP neurons from Janelia`s hemibrain dataset are described in this paper https://elifesciences.org/articles/58942'],SIP.21,ACH,intrinsic,central,,,['CB2131'; 'aIPgb'],VLPl&p1_posterior,,['rich_club'; 'reciprocal'; 'feedforward_loop_participant'; '3_cycle_participant'],left,388,692
720575940624780062,['aIPg; named `putative aIP neuron 5219464 MD` in FAFB; aIP neurons from Janelia`s hemibrain dataset are described in this paper https://elifesciences.org/articles/58942'; 'aIPg3'],AVLP.SMP.40,ACH,intrinsic,central,,,['CB3349'; 'aIPgb'],VLPl&p1_posterior,,['reciprocal'; 'feedforward_loop_participant'; '3_cycle_participant'],left,126,121
720575940611764066,['aIPg-LIKE; Was not in Kaiyu`s table. aIPg?'],SCL.SMP.35,ACH,intrinsic,central,,,['SMP569b'; 'SMP569'],VLPl&p1_posterior,,['rich_club'; 'reciprocal'; 'feedforward_loop_participant'; '3_cycle_participant'],right,510,185
720575940614310050,['pC1d_TopOutputs (Neuprint1.1 SMP555/SMP556) | aIPg-a(FW)/SMP555/556(HB)'; 'SMP556'],SIP.SMP.13,ACH,intrinsic,central,,,['SMP555'; 'SMP556'; 'aIPga'],VLPl&p1_posterior,,['rich_club'; 'reciprocal'; 'feedforward_loop_participant'; '3_cycle_participant'],right,624,467
720575940626953063,['pC1d_TopOutputs (Neuprint1.1 SMP555/SMP556) | pC1e_TopOutputs (Neuprint1.1 SMP555/SMP556) | aIPg-a(FW)/SMP555/556(HB)'; 'SMP555'],SIP.SMP.7,ACH,intrinsic,central,,,['SMP555'; 'SMP556'; 'aIPga'],VLPl&p1_posterior,,['rich_club'; 'reciprocal'; 'feedforward_loop_participant'; '3_cycle_participant'],right,495,516
720575940622752041,['aIPg; named `putative aIP neuron 5283733 MD` in FAFB; aIP neurons from Janelia`s hemibrain dataset are described in this paper https://elifesciences.org/articles/58942'; 'aIPg4'],SMP.SIP.20,ACH,intrinsic,central,,,['CB1877'; 'aIPgc'],VLPl&p1_posterior,,['rich_club'; 'reciprocal'; 'feedforward_loop_participant'; '3_cycle_participant'],left,275,1022
720575940612290986,['aIPg; named `putative aIP neuron 5165194 MD` in FAFB; aIP neurons from Janelia`s hemibrain dataset are described in this paper https://elifesciences.org/articles/58942'; 'aIPg3'],SIP.SMP.11,ACH,intrinsic,central,,,['CB2258'; 'aIPgb'],VLPl&p1_posterior,,['rich_club'; 'reciprocal'; 'feedforward_loop_participant'; '3_cycle_participant'],left,456,570
720575940610754162,['aIPg(FW)/SMP555/556(HB)'; 'aIPg-LIKE; Was not in Kaiyu`s table. aIPg?'],ICL.SMP.34,ACH,intrinsic,central,,,['CL261b'; 'CL261'],VLPl&p1_posterior,,['rich_club'; 'reciprocal'; 'feedforward_loop_participant'; '3_cycle_participant'],right,420,253
720575940637281395,['aIPg; named `putative aIP neuron 5219454 MD` in FAFB; aIP neurons from Janelia`s hemibrain dataset are described in this paper https://elifesciences.org/articles/58942'; 'pC1d_TopOutputs (Neuprint1.1 aIPg1-3) | pC1e_TopOutputs (Neuprint1.1 aIPg1-3)'; 'aIPg1'],SIP.23,ACH,intrinsic,central,,,['CB1127'; 'aIPgb'],VLPl&p1_posterior,,['rich_club'; 'reciprocal'; 'feedforward_loop_participant'; '3_cycle_participant'],left,261,1029
720575940637282675,['aIPg; named `putative aIP neuron 5163289 MD` in FAFB; aIP neurons from Janelia`s hemibrain dataset are described in this paper https://elifesciences.org/articles/58942'; 'aIPg4'],SIP.20,ACH,intrinsic,central,,,['CB1127'; 'aIPgc'],VLPl&p1_posterior,,['rich_club'; 'reciprocal'; 'feedforward_loop_participant'; '3_cycle_participant'],left,303,960
720575940628599934,['aIPg; named `putative aIP neuron 5302383 MD` in FAFB; aIP neurons from Janelia`s hemibrain dataset are described in this paper https://elifesciences.org/articles/58942'; 'aIPg?'; 'aIPg2'],SIP.17,ACH,intrinsic,central,,,['CB2131'; 'aIPgb'],VLPl&p1_posterior,,['rich_club'; 'reciprocal'; 'feedforward_loop_participant'; '3_cycle_participant'],left,379,833
720575940610867683,['aIPg3'],AVLP.SMP.25,ACH,intrinsic,central,,,['CB2668'; 'aIPgb'],VLPl&p1_posterior,,['rich_club'; 'reciprocal'; 'feedforward_loop_participant'; '3_cycle_participant'],right,302,252
720575940638776227,['pC1d_TopInputs (Neuprint1.1 aIPg1-3) | pC1e_TopOutputs (Neuprint1.1 aIPg1-3) | pC1d_TopOutputs (Neuprint1.1 aIPg1-3) | aIP-g-b(L)(FW)'; 'aIPg1'],AVLP.SIP.8,ACH,intrinsic,central,,,['CB2131'; 'aIPgb'],VLPl&p1_posterior,,['rich_club'; 'reciprocal'; 'feedforward_loop_participant'; '3_cycle_participant'],right,447,881
720575940627589126,['aIPg3'],AVLP.SMP.20,ACH,intrinsic,central,,,['CB2258'; 'aIPgb'],VLPl&p1_posterior,,['rich_club'; 'reciprocal'; 'feedforward_loop_participant'; '3_cycle_participant'],right,327,320
720575940625645128,['pC1d_TopInputs (Neuprint1.1 aIPg1-3) | pC1e_TopOutputs (Neuprint1.1 aIPg1-3) | pC1d_TopOutputs (Neuprint1.1 aIPg1-3) | aIP-g-b(L)(FW) Murthy36971?'; 'aIPg1'],SIP.22,ACH,intrinsic,central,,,['CB2131'; 'aIPgb'],VLPl&p1_posterior,,['rich_club'; 'reciprocal'; 'feedforward_loop_participant'; '3_cycle_participant'],right,380,677
720575940633307729,['pC1d_TopInputs (Neuprint1.1 aIPg1-3) | pC1d_TopOutputs (Neuprint1.1 aIPg1-3) | pC1e_TopOutputs (Neuprint1.1 aIPg1-3) | aIP-g-b(L)(FW)'; 'aIPg3'],AVLP.SIP.18,ACH,intrinsic,central,,,['CB2258'; 'aIPgb'],VLPl&p1_posterior,,['rich_club'; 'reciprocal'; 'feedforward_loop_participant'; '3_cycle_participant'],right,277,622
720575940611554034,['aIPg3'],AVLP.SMP.38,ACH,intrinsic,central,,,['CB3349'; 'aIPgb'],VLPl&p1_posterior,,['reciprocal'; 'feedforward_loop_participant'; '3_cycle_participant'],right,131,94
720575940625384732,[],SMP.769,ACH,intrinsic,central,,,['CB2668'; 'aIPgb'],VLPl&p1_posterior,,['rich_club'; 'reciprocal'; 'feedforward_loop_participant'; '3_cycle_participant'],left,292,378
720575940625871132,['aIPg3'],SIP.36,ACH,intrinsic,central,,,['CB2258'; 'aIPgb'],VLPl&p1_posterior,,['rich_club'; 'reciprocal'; 'feedforward_loop_participant'; '3_cycle_participant'],right,336,437
720575940629852163,['pC1d_TopOutputs (Neuprint1.1 SMP555/SMP556) | pC1e_TopOutputs (Neuprint1.1 SMP555/SMP556)'],SIP.SMP.16,ACH,intrinsic,central,,,['SMP555'; 'SMP556'; 'aIPga'],VLPl&p1_posterior,,['rich_club'; 'reciprocal'; 'feedforward_loop_participant'; '3_cycle_participant'],left,327,527
720575940615109563,['pC1d_TopOutputs (Neuprint1.1 SMP555/SMP556)'],SIP.SMP.25,ACH,intrinsic,central,,,['SMP555'; 'SMP556'; 'aIPga'],VLPl&p1_posterior,,['rich_club'; 'reciprocal'; 'feedforward_loop_participant'],left,253,342
720575940630812663,['pC1d_TopOutputs (Neuprint1.1 SMP555/SMP556) | pC1e_TopOutputs (Neuprint1.1 SMP555/SMP556)'],SMP.474,ACH,intrinsic,central,,,['SMP555'; 'SMP556'; 'aIPga'],VLPl&p1_posterior,,['rich_club'; 'reciprocal'; 'feedforward_loop_participant'; '3_cycle_participant'],left,525,754
720575940624211075,['aIPg4'],SIP.51,ACH,intrinsic,central,,,['SMP558'; 'aIPgc'],VLPl&p1_posterior,,['rich_club'; 'reciprocal'; 'feedforward_loop_participant'; '3_cycle_participant'],right,154,667
720575940622971911,['aIPg4'],SMP.901,ACH,intrinsic,central,,,['SMP558'; 'aIPgc'],VLPl&p1_posterior,,['rich_club'; 'reciprocal'; 'feedforward_loop_participant'; '3_cycle_participant'],right,150,512
720575940619859532,['aIPg4'],SIP.AOTU.4,ACH,intrinsic,central,,,['CB2204'; 'aIPgc'],VLPl&p1_posterior,,['rich_club'; 'reciprocal'; 'feedforward_loop_participant'; '3_cycle_participant'],right,198,889
720575940633353327,['pC1d_TopOutputs (Neuprint1.1 aIPg4) | pC1e_TopOutputs (Neuprint1.1 aIPg4 (5813068484)/SMP558) | aIP-g-c(L)(FW) Murthy36971?aIP-g-c(L)(FW)'; 'aIPg4'],AVLP.SIP.6,ACH,intrinsic,central,,,['CB1127'; 'aIPgc'],VLPl&p1_posterior,,['rich_club'; 'reciprocal'; 'feedforward_loop_participant'; '3_cycle_participant'],right,452,952
720575940645931060,['pC1d_TopOutputs (Neuprint1.1 aIPg4) | pC1e_TopOutputs (Neuprint1.1 aIPg4 (5813068484)/SMP558) | aIP-g-c(L)(FW) Murthy36971?aIP-g-c(L)(FW)'; 'aIPg4'],AVLP.AOTU.3,ACH,intrinsic,central,,,['CB1127'; 'aIPgc'],VLPl&p1_posterior,,['rich_club'; 'reciprocal'; 'feedforward_loop_participant'; '3_cycle_participant'],right,447,970
720575940614081909,['pC1d_TopOutputs (Neuprint1.1 aIPg4)'; 'aIPg4'],SIP.26,ACH,intrinsic,central,,,['CB1127'; 'aIPgc'],VLPl&p1_posterior,,['rich_club'; 'reciprocal'; 'feedforward_loop_participant'; '3_cycle_participant'],left,312,1028
720575940651713782,['aIPg4'],SIP.AOTU.3,ACH,intrinsic,central,,,['CB2204'; 'aIPgc'],VLPl&p1_posterior,,['rich_club'; 'reciprocal'; 'feedforward_loop_participant'],right,204,952
720575940640889176,['aIPg4'],SMP.674,ACH,intrinsic,central,,,['SMP558'; 'aIPgc'],VLPl&p1_posterior,,['rich_club'; 'reciprocal'; 'feedforward_loop_participant'; '3_cycle_participant'],left,287,647
720575940623766458,['aIPg4'],AOTU.SIP.28,ACH,intrinsic,central,,,['CB1877'; 'aIPgc'],VLPl&p1_posterior,,['rich_club'; 'reciprocal'; 'feedforward_loop_participant'; '3_cycle_participant'],right,196,1060
720575940617900123,['aIPg4'],SIP.AOTU.5,ACH,intrinsic,central,,,['CB2204'; 'aIPgc'],VLPl&p1_posterior,,['rich_club'; 'reciprocal'; 'feedforward_loop_participant'; '3_cycle_participant'],right,274,820
720575940628135675,['pC1d_TopOutputs (Neuprint1.1 aIPg4) | pC1e_TopOutputs (Neuprint1.1 aIPg4 (5813068484)/SMP558) | aIP-g-c(L)(FW) Murthy36971?aIP-g-c(L)(FW)'; 'aIPg4'],SIP.AOTU.2,ACH,intrinsic,central,,,['CB1127'; 'aIPgc'],VLPl&p1_posterior,,['rich_club'; 'reciprocal'; 'feedforward_loop_participant'; '3_cycle_participant'],right,436,913
720575940626744838,['aIPg3'],AVLP.GOR.35,ACH,intrinsic,central,,,['CB1618'],VLPl&p1_posterior,,[],left,15,22
720575940617591687,['aIPg3'],AVLP.1267,ACH,intrinsic,central,,,['AVLP494'],VLPl&p1_posterior,,['rich_club'; 'reciprocal'; 'feedforward_loop_participant'; '3_cycle_participant'],right,762,741
720575940620431752,['aIPg3'],SMP.2251,,intrinsic,central,,,['CB3125'],VLPl&p1_posterior,,[],right,17,0
720575940634109326,['aIPg3'],SMP.SIP.103,ACH,intrinsic,central,,,['CB3330'],VLPl&p1_posterior,,[],right,14,21
720575940626255632,['aIPg3'],AVLP.SMP.56,ACH,intrinsic,central,,,['CB3166'],VLPl&p1_posterior,,['feedforward_loop_participant'],right,24,22
720575940644219671,['aIPg3'],AVLP.CRE.3,ACH,intrinsic,central,,,['CB3469'],VLPl&p1_posterior,,['reciprocal'; 'feedforward_loop_participant'; '3_cycle_participant'],right,114,160
720575940634736538,['aIPg3'],SMP.680,ACH,intrinsic,central,,,['SMP558'],VLPl&p1_posterior,,['rich_club'; 'reciprocal'; 'feedforward_loop_participant'; '3_cycle_participant'],left,210,596
720575940637165987,['aIPg3'],AVLP.SMP.36,ACH,intrinsic,central,,,['AVLP496b'; 'AVLP496'],VLPl&p1_posterior,,['reciprocal'; 'feedforward_loop_participant'; '3_cycle_participant'],right,160,194
720575940640869795,['aIPg3'],AVLP.SMP.27,ACH,intrinsic,central,,,[],VLPl&p1_posterior,,['rich_club'; 'reciprocal'; 'feedforward_loop_participant'; '3_cycle_participant'],left,311,282
720575940618376614,['aIPg3'],SMP.SIP.96,ACH,intrinsic,central,,,['CB3125'],VLPl&p1_posterior,,['feedforward_loop_participant'; '3_cycle_participant'],right,21,37
720575940620085670,['aIPg3'],AVLP.SMP.44,ACH,intrinsic,central,,,[],VLPl&p1_posterior,,['reciprocal'; 'feedforward_loop_participant'; '3_cycle_participant'],right,108,163
720575940609970090,['aIPg3'],AVLP.1135,ACH,intrinsic,central,,,['AVLP494'],VLPl&p1_posterior,,['rich_club'; 'reciprocal'; 'feedforward_loop_participant'; '3_cycle_participant'],right,730,601
720575940605856689,['aIPg3'],AVLP.SIP.35,ACH,intrinsic,central,,,[],VLPl&p1_posterior,,['feedforward_loop_participant'; '3_cycle_participant'],right,90,148
720575940636443828,['aIPg3'],AVLP.1825,ACH,intrinsic,central,,,[],VLPl&p1_posterior,,['rich_club'; 'reciprocal'; 'feedforward_loop_participant'; '3_cycle_participant'],left,420,444
720575940625952186,['aIPg3'],AVLP.807,ACH,intrinsic,central,,,['AVLP494'],VLPl&p1_posterior,,['rich_club'; 'reciprocal'; 'feedforward_loop_participant'; '3_cycle_participant'],right,978,736
720575940609834052,['aIPg3'],AVLP.1057,ACH,intrinsic,central,,,['AVLP494'],VLPl&p1_posterior,,['rich_club'; 'reciprocal'; 'feedforward_loop_participant'; '3_cycle_participant'],left,860,741
720575940619406661,['aIPg3'],AVLP.1655,ACH,intrinsic,central,,,['AVLP494'],VLPl&p1_posterior,,['rich_club'; 'reciprocal'; 'feedforward_loop_participant'; '3_cycle_participant'],right,451,387
720575940623865417,['aIPg3'],AVLP.1194,ACH,intrinsic,central,,,['CB1795'],VLPl&p1_posterior,,['rich_club'; 'reciprocal'; 'feedforward_loop_participant'; '3_cycle_participant'],right,485,584
720575940626044746,['aIPg3'],SIP.144,ACH,intrinsic,central,,,['CB3166'],VLPl&p1_posterior,,['feedforward_loop_participant'; '3_cycle_participant'],left,26,14
720575940636747854,['aIPg3'],ICL.SIP.4,ACH,intrinsic,central,,,['CB3330'],VLPl&p1_posterior,,['feedforward_loop_participant'],right,90,24
720575940615641428,['aIPg3'],SMP.GOR.1,ACH,intrinsic,central,,,['CB1618'],VLPl&p1_posterior,,['reciprocal'; 'feedforward_loop_participant'],left,47,34
720575940629531351,['aIPg3'],AVLP.1081,ACH,intrinsic,central,,,['CB1795'],VLPl&p1_posterior,,['rich_club'; 'reciprocal'; 'feedforward_loop_participant'; '3_cycle_participant'],right,589,498
720575940632809823,['aIPg3'],SMP.SIP.90,ACH,intrinsic,central,,,['CB3330'],VLPl&p1_posterior,,['feedforward_loop_participant'; '3_cycle_participant'],left,53,51
720575940604458720,['aIPg3'],MB_VL.SMP.12,ACH,intrinsic,central,,,['CB1618'],VLPl&p1_posterior,,['feedforward_loop_participant'; '3_cycle_participant'],left,61,38
720575940632525920,['aIPg3'],AVLP.904,ACH,intrinsic,central,,,['AVLP494'],VLPl&p1_posterior,,['rich_club'; 'reciprocal'; 'feedforward_loop_participant'; '3_cycle_participant'],left,954,829
720575940634418784,['aIPg3'],AVLP.SMP.46,ACH,intrinsic,central,,,[],VLPl&p1_posterior,,['reciprocal'; 'feedforward_loop_participant'],right,91,114
720575940634248559,['aIPg3'],SMP.GOR.2,ACH,intrinsic,central,,,['CB1618'],VLPl&p1_posterior,,[],right,30,16
720575940640795507,['aIPg3'],AVLP.SMP.31,ACH,intrinsic,central,,,['SMP570a'; 'SMP570'],VLPl&p1_posterior,,['rich_club'; 'feedforward_loop_participant'; '3_cycle_participant'],left,164,275