rPos_deg,AOTU019_1,AOTU025_2
-15,0.00146794232205594,4.23004855673205e-16
-14.6456692913386,0.00308372050806405,4.23004855673205e-16
-14.2913385826772,0.00520857564144217,4.23004855673205e-16
-13.9370078740157,0.00832254596259552,2.11502427836603e-16
-13.5826771653543,0.0125133827660668,4.23004855673205e-16
-13.2283464566929,0.0178716497361651,4.23004855673205e-16
-12.8740157480315,0.0246446181994887,2.11502427836603e-16
-12.5196850393701,0.0330379743795901,4.23004855673205e-16
-12.1653543307087,0.0431948355642578,4.23004855673205e-16
-11.8110236220472,0.055255813870017,2.11502427836603e-16
-11.4566929133858,0.0692535240294682,4.23004855673205e-16
-11.1023622047244,0.0853039719162108,7.40258497428109e-16
-10.748031496063,0.103295570032075,4.23004855673205e-16
-10.3937007874016,0.124505428536558,4.23004855673205e-16
-10.0393700787402,0.148021229338035,4.23004855673205e-16
-9.68503937007874,0.173623097360796,2.11502427836603e-16
-9.33070866141732,0.200980806799432,4.23004855673205e-16
-8.97637795275591,0.229887376276784,4.23004855673205e-16
-8.62204724409449,0.260140321663189,2.11502427836603e-16
-8.26771653543307,0.291584821840905,4.23004855673205e-16
-7.91338582677165,0.323910989521707,4.23004855673205e-16
-7.55905511811024,0.356955477545442,2.11502427836603e-16
-7.20472440944882,0.390676332228293,4.23004855673205e-16
-6.8503937007874,0.424884559181226,7.40258497428109e-16
-6.49606299212598,0.459441143173517,4.23004855673205e-16
-6.14173228346457,0.494197055901557,4.23004855673205e-16
-5.78740157480315,0.528911594385896,4.23004855673205e-16
-5.43307086614173,0.563328004373564,2.11502427836603e-16
-5.07874015748031,0.597117739186961,4.23004855673205e-16
-4.7244094488189,0.629940550446781,4.23004855673205e-16
-4.37007874015748,0.661391924970627,2.11502427836603e-16
-4.01574803149606,0.690921883145231,4.23004855673205e-16
-3.66141732283465,0.718323661789891,4.23004855673205e-16
-3.30708661417323,0.743079343587548,2.11502427836603e-16
-2.95275590551181,0.764980515139409,4.23004855673205e-16
-2.59842519685039,0.783685878582828,7.40258497428109e-16
-2.24409448818898,0.799640855768215,4.23004855673205e-16
-1.88976377952756,0.812822998507035,4.23004855673205e-16
-1.53543307086614,0.823316139080752,4.23004855673205e-16
-1.18110236220472,0.831322095793996,2.11502427836603e-16
-0.826771653543307,0.837366943498453,4.23004855673205e-16
-0.472440944881889,0.841560384515904,4.23004855673205e-16
-0.118110236220472,0.844170735829685,2.11502427836603e-16
0.236220472440944,0.845656369811377,4.23004855673205e-16
0.590551181102363,0.846251158781434,4.23004855673205e-16
0.94488188976378,0.846385042933811,2.11502427836603e-16
1.2992125984252,0.846116726795884,4.23004855673205e-16
1.65354330708661,0.845773070271984,7.40258497428109e-16
2.00787401574803,0.844537038465091,4.23004855673205e-16
2.36220472440945,0.844037186076996,4.23004855673205e-16
2.71653543307087,0.844336450172662,4.23004855673205e-16
3.07086614173229,0.84556388972498,2.11502427836603e-16
3.4251968503937,0.847814939729821,4.23004855673205e-16
3.77952755905512,0.851077318863133,4.23004855673205e-16
4.13385826771654,0.855332714000889,2.11502427836603e-16
4.48818897637795,0.860735559691897,4.23004855673205e-16
4.84251968503937,0.867051401830955,4.23004855673205e-16
5.19685039370079,0.874232793918046,2.11502427836603e-16
5.5511811023622,0.882400921490448,4.23004855673205e-16
5.90551181102362,0.891448021665657,7.40258497428109e-16
6.25984251968504,0.901153757296764,4.23004855673205e-16
6.61417322834646,0.911483418098468,4.23004855673205e-16
6.96850393700787,0.922241930076141,4.23004855673205e-16
7.32283464566929,0.93341078207806,2.11502427836603e-16
7.67716535433071,0.944542971458235,4.23004855673205e-16
8.03149606299213,0.95532834790774,4.23004855673205e-16
8.38582677165354,0.965629266299197,2.11502427836603e-16
8.74015748031496,0.974948905650587,4.23004855673205e-16
9.09448818897638,0.983097057685939,4.23004855673205e-16
9.4488188976378,0.989663987434224,2.11502427836603e-16
9.80314960629921,0.994674472080414,4.23004855673205e-16
10.1574803149606,0.997989259603937,7.40258497428109e-16
10.511811023622,0.999815536197244,4.23004855673205e-16
10.8661417322835,1,4.23004855673205e-16
11.2204724409449,0.998971417486633,0.00145270800210419
11.5748031496063,0.99680519850292,0.00349318860074359
11.9291338582677,0.993859897869313,0.00630537278466104
12.2834645669291,0.990404446961943,0.0101053569264156
12.6377952755906,0.98646139042311,0.0147626428354467
12.992125984252,0.982419497432312,0.0201969032531645
13.3464566929134,0.978389197699298,0.0278490510748009
13.7007874015748,0.974650410803662,0.0377193397140591
14.0551181102362,0.971432307330548,0.0498180005680924
14.4094488188976,0.968597659754116,0.0642993829006937
14.7637795275591,0.965912029707547,0.0811314336348335
15.1181102362205,0.963649973310709,0.10036009251025
15.4724409448819,0.961702507722667,0.121725845956415
15.8267716535433,0.959797591586765,0.145706161774698
16.1811023622047,0.958117797492824,0.171913275251498
16.5354330708661,0.956580857687041,0.200176978292142
16.8897637795276,0.955011524098702,0.229983585502979
17.244094488189,0.953471418393974,0.260803523282628
17.5984251968504,0.951780344769391,0.292240996878344
17.9527559055118,0.949797746337401,0.323684599894949
18.3070866141732,0.947473312993738,0.354638853969828
18.6614173228346,0.944789187949659,0.384678472277016
19.0157480314961,0.941640603858162,0.41366752080932
19.3700787401575,0.938030734078742,0.441047161013539
19.7244094488189,0.933881697265512,0.466678160426385
20.0787401574803,0.929390202197273,0.490352781343957
20.4330708661417,0.924625347361175,0.511727357786893
20.7874015748031,0.919441043985807,0.530982340050064
21.1417322834646,0.913937798275339,0.547928320294696
21.496062992126,0.908212129987722,0.562493001663521
21.8503937007874,0.902081570695146,0.574777609359267
22.2047244094488,0.895468036256763,0.584898445186749
22.5590551181102,0.888451544587799,0.593268183745973
22.9133858267717,0.881017377286894,0.599763188818233
23.2677165354331,0.873359692206551,0.604365138088343
23.6220472440945,0.865350931700017,0.606459937377356
23.9763779527559,0.857055467608403,0.607558113448501
24.3307086614173,0.848692746310223,0.607831847812446
24.6850393700787,0.840290356128814,0.607343574009121
25.0393700787402,0.832047653189007,0.606471809226621
25.3937007874016,0.823977586624405,0.605768674455573
25.748031496063,0.81623107273319,0.604386858291249
26.1023622047244,0.808959682180779,0.603025658183185
26.4566929133858,0.802140822921906,0.602118748313286
26.8110236220472,0.796084311611332,0.601678305783801
27.1653543307087,0.790768385808043,0.601968363999316
27.5196850393701,0.786301344581699,0.60274296420915
27.8740157480315,0.782744903496305,0.604036652500238
28.2283464566929,0.780135347655597,0.604973062178628
28.5826771653543,0.777922506261294,0.606008701106444
28.9370078740157,0.776133980833235,0.606982198934967
29.2913385826772,0.774654582998146,0.607412268257338
29.6456692913386,0.773474877133484,0.60740631846352
30,0.772525140107321,0.6070455417644
30.3543307086614,0.771474394436381,0.606171998034063
30.7086614173228,0.770246305364954,0.604720050634443
31.0629921259843,0.768875371431473,0.602632103341161
31.4173228346457,0.767196312048341,0.599775588562547
31.7716535433071,0.765162191384942,0.596497891521768
32.1259842519685,0.762668562367832,0.592807876526347
32.4803149606299,0.759732104070633,0.588675388044829
32.8346456692913,0.756400630769679,0.584969919415994
33.1889763779528,0.752712237708371,0.581228338375326
33.5433070866142,0.748687777774118,0.577926777391224
33.8976377952756,0.744244491691247,0.575201721520364
34.251968503937,0.739442595294185,0.573045070442401
34.6062992125984,0.734471993847757,0.571673445001352
34.9606299212598,0.729216000234825,0.571006532902928
35.3149606299213,0.723589885756049,0.571373083708484
35.6692913385827,0.717573631345239,0.573502722349965
36.0236220472441,0.711313532482966,0.576924859968026
36.3779527559055,0.705232641074517,0.58121902086232
36.7322834645669,0.699205505071858,0.586583963279147
37.0866141732283,0.693291654033513,0.59279848388888
37.4409448818898,0.687696905718385,0.600128288562681
37.7952755905512,0.682462647177555,0.608201924176159
38.1496062992126,0.677632034280325,0.616462491809465
38.503937007874,0.673298521541741,0.625113804402814
38.8582677165354,0.669554115611584,0.634279665915418
39.2125984251969,0.666405019887189,0.643780370846692
39.5669291338583,0.663930811397606,0.653312673279627
39.9212598425197,0.661909600051997,0.662862212522476
40.2755905511811,0.660430871850892,0.67232581614303
40.6299212598425,0.659402612647743,0.681568011595977
40.9842519685039,0.658872719212813,0.690284629144124
41.3385826771654,0.658966286831729,0.698312922359771
41.6929133858268,0.65931070312635,0.706261121907562
42.0472440944882,0.659740477742573,0.713620679876859
42.4015748031496,0.660039015772569,0.72001552302827
42.755905511811,0.660479899972272,0.725830114967658
43.1102362204724,0.660937009641278,0.731178531655484
43.4645669291339,0.661078073191834,0.736270080836601
43.8188976377953,0.660807187779283,0.741114971225466
44.1732283464567,0.660012384818184,0.746040082131249
44.5275590551181,0.658597890215801,0.750970591251032
44.8818897637795,0.656473454433632,0.755876843576442
45.2362204724409,0.653363088686439,0.760484629105239
45.5905511811024,0.649453966119556,0.765137390876958
45.9448818897638,0.644596442163244,0.769736062414925
46.2992125984252,0.639033749096221,0.774254451114518
46.6535433070866,0.632598974284477,0.77824305064329
47.007874015748,0.625240222796873,0.781385220721792
47.3622047244095,0.617196417572242,0.783704187396289
47.7165354330709,0.608630362661466,0.785253719491636
48.0708661417323,0.599552518387202,0.785909397851196
48.4251968503937,0.59011948116454,0.786009547317835
48.7795275590551,0.580088885999234,0.786357774394245
49.1338582677165,0.569783535757568,0.786889177916498
49.488188976378,0.559326519388462,0.787884213771392
49.8425196850394,0.548644015241653,0.789129691520828
50.1968503937008,0.53783321064535,0.791105194179365
50.5511811023622,0.526976402089033,0.794433388213533
50.9055118110236,0.516103052161417,0.798963151550895
51.259842519685,0.505244514998174,0.804541164192601
51.6141732283465,0.494536553113691,0.811497300009138
51.9685039370079,0.484026464894435,0.819587731249122
52.3228346456693,0.473852079035071,0.828924860519256
52.6771653543307,0.464096030329235,0.83939925527564
53.0314960629921,0.454864823614853,0.850448234673815
53.3858267716535,0.446381464330122,0.861991041317854
53.740157480315,0.438389560774586,0.873853027431131
54.0944881889764,0.431352211118972,0.885941683642263
54.4488188976378,0.425230082940882,0.898233365675709
54.8031496062992,0.41997720223495,0.910130718034821
55.1574803149606,0.415416318089946,0.921002494749253
55.511811023622,0.411503881946062,0.930531596811129
55.8661417322835,0.4083379417234,0.938397920361717
56.2204724409449,0.405901288112663,0.944961235276589
56.5748031496063,0.404027782893779,0.949416886703037
56.9291338582677,0.402664596501946,0.95181457464572
57.2834645669291,0.401739260610035,0.952522255192878
57.6377952755905,0.401203240792302,0.951223459067344
57.992125984252,0.400857972588631,0.947930012657616
58.3464566929134,0.400797286768377,0.943239105696623
58.7007874015748,0.400840283421776,0.937292302843499
59.0551181102362,0.401108023944161,0.930809234809339
59.4094488188976,0.401517373871212,0.924149123170609
59.7637795275591,0.401908593257244,0.917311447412401
60.1181102362205,0.402331819950962,0.91092715766711
60.4724409448819,0.402721657261113,0.904751219570584
60.8267716535433,0.403115890429735,0.899321735634361
61.1811023622047,0.403535585677025,0.894801746677028
61.5354330708661,0.403752867289936,0.890893502394264
61.8897637795276,0.404020554824357,0.888497518001274
62.244094488189,0.404244944050774,0.887570241022814
62.5984251968504,0.40440464993512,0.887814337124194
62.9527559055118,0.404465741841916,0.889107888838478
63.3070866141732,0.404324702183581,0.891112816864557
63.6614173228347,0.404032792864708,0.893832233344761
64.0157480314961,0.403520863005627,0.896922882790547
64.3700787401575,0.402729191928801,0.900375776565732
64.7244094488189,0.401659532948888,0.903732502570099
65.0787401574803,0.400238559047525,0.906857121996529
65.4330708661417,0.398466596777377,0.909847992831334
65.7874015748032,0.39622268156669,0.91198486853699
66.1417322834646,0.393658324037296,0.913349191348166
66.496062992126,0.390635473751954,0.913372398476409
66.8503937007874,0.387153565762397,0.912221285456329
67.2047244094488,0.383332915132405,0.910209873304664
67.5590551181102,0.379187225357652,0.907394977712831
67.9133858267717,0.374800903027377,0.903943858235158
68.2677165354331,0.370115989567725,0.899621856043879
68.6220472440945,0.36515896259047,0.894321462880215
68.9763779527559,0.360008754771701,0.888531575466646
69.3307086614173,0.354684748275761,0.88252628863739
69.6850393700787,0.349267600083681,0.876118734277609
70.0393700787402,0.343715226071879,0.869400490563164
70.3937007874016,0.338151600489036,0.86304833331836
70.748031496063,0.332551361192489,0.856751034957266
71.1023622047244,0.327015676107974,0.850955298455945
71.4566929133858,0.321550042342888,0.845665627023163
71.8110236220472,0.316190352018519,0.841043770246061
72.1653543307087,0.310999909095523,0.837338346745935
72.5196850393701,0.306023816810567,0.834521312896034
72.8740157480315,0.301347723680505,0.832780129590166
73.2283464566929,0.29701600700574,0.832147875257887
73.5826771653543,0.293019964458201,0.832423692654484
73.9370078740157,0.289504370166475,0.833732606891164
74.2913385826772,0.286336684878221,0.835437195723354
74.6456692913386,0.283467935113129,0.837572271119288
75,0.280960414180506,0.839992779081924
75.3543307086614,0.278776458673434,0.842938096558424
75.7086614173228,0.276892357283207,0.846084292073145
76.0629921259843,0.275118235389489,0.848972061845731
76.4173228346457,0.273425283575181,0.851535079458435
76.7716535433071,0.271767917413076,0.853244821710958
77.1259842519685,0.270016583219961,0.854329256617561
77.4803149606299,0.268176645855558,0.854390319064476
77.8346456692913,0.266128706327188,0.853470843014429
78.1889763779528,0.26400178533677,0.852127071290704
78.5433070866142,0.261623400578314,0.849849722720202
78.8976377952756,0.258975000996752,0.847115801744468
79.251968503937,0.256188966815614,0.843709776919326
79.6062992125984,0.253159253468658,0.839707548969305
79.9606299212598,0.250051836026894,0.835370774746202
80.3149606299213,0.246731770636082,0.830585225517652
80.6692913385827,0.243285691263088,0.825558927276125
81.0236220472441,0.239780803125422,0.820322005565667
81.3779527559055,0.236186519016303,0.815224215058899
81.7322834645669,0.232615575967747,0.809908754194961
82.0866141732283,0.22886356064804,0.804635419479372
82.4409448818898,0.225274179717675,0.799475082423463
82.7952755905512,0.22171707974788,0.79437767132367
83.1496062992126,0.218266171190015,0.789097969736618
83.503937007874,0.214984475451876,0.783903463736505
83.8582677165354,0.211946244900675,0.778727322661101
84.2125984251968,0.209310355703984,0.77366352295685
84.5669291338583,0.207045832616863,0.768699454030575
84.9212598425197,0.205168573887983,0.763647216184284
85.2755905511811,0.20376300289409,0.758811391269927
85.6299212598425,0.202782568457404,0.754075382003097
85.9842519685039,0.202332735041572,0.749260634361967
86.3385826771653,0.202352433785844,0.745065272892121
86.6929133858268,0.202785580324174,0.740894507398347
87.0472440944882,0.203765032198982,0.736782020115964
87.4015748031496,0.205107480524838,0.733201685934667
87.755905511811,0.206749563506457,0.729582291505988
88.1102362204724,0.20864319025712,0.726674125777635
88.4645669291339,0.210776209724232,0.72427685410798
88.8188976377953,0.213059363863788,0.722468738084439
89.1732283464567,0.215375292403766,0.721682327044761
89.5275590551181,0.217570975086916,0.721450704861728
89.8818897637795,0.219820750937246,0.721867578250448
90.2362204724409,0.221836114470942,0.722971905550622
90.5905511811024,0.223019373465045,0.724359041156058
90.9448818897638,0.223854716077218,0.726310027121837
91.2992125984252,0.224351765180451,0.728643324557185
91.6535433070866,0.223905289394595,0.731062158629349
92.007874015748,0.222703218855408,0.733674933213399
92.3622047244095,0.220489683969018,0.736154665422452
92.7165354330709,0.217313895397281,0.738379526097399
93.0708661417323,0.213056024346679,0.740429589947891
93.4251968503937,0.207588183364434,0.742147513909228
93.7795275590551,0.20094224683819,0.743253901522866
94.1338582677165,0.193024798663211,0.743799721710467
94.488188976378,0.184038105115302,0.743503304715279
94.8425196850394,0.173851437868549,0.742597724492217
95.1968503937008,0.162646787836568,0.740737377500277
95.5511811023622,0.150641037926645,0.738487780320155
95.9055118110236,0.138051745635454,0.735409886066307
96.259842519685,0.125127932612919,0.731734702515437
96.6141732283465,0.111985169504729,0.727279895801846
96.9685039370079,0.0989705988397459,0.72217190106065
97.3228346456693,0.0863234559041822,0.716097351649484
97.6771653543307,0.0742573527356289,0.709534202656135
98.0314960629921,0.0629746188899809,0.702471266375337
98.3858267716535,0.0525944603441458,0.695193444140251
98.740157480315,0.0432712310412564,0.687130338563304
99.0944881889764,0.0349950434293433,0.679198978428528
99.4488188976378,0.0277687478295695,0.671233358589134
99.8031496062992,0.0216179736205098,0.663141270207681
100.157480314961,0.0164894944029255,0.655420024422481
100.511811023622,0.0123019484477925,0.647586197857673
100.866141732283,0.00893164905385835,0.640077178306204
101.220472440945,0.00624482271383298,0.632612968322285
101.574803149606,0.00418659913677255,0.624989376540105
101.929133858268,0.00270919031207517,0.617527597027209
102.283464566929,0.0014708450480686,0.610005142270646
102.637795275591,0.000692968764905211,0.602698728170194
102.992125984252,0.000502239685029937,0.595281089565597
103.346456692913,0.000261296475499218,0.58778308808609
103.700787401575,0,0.579962609794533
104.055118110236,0,0.572252776067238
104.409448818898,0,0.5645899585436
104.763779527559,0,0.556828423129566
105.11811023622,0,0.549229222920747
105.472440944882,0,0.5418788221281
105.826771653543,0,0.534786351716369
106.181102362205,0,0.528138117821487
106.535433070866,0,0.522087000988042
106.889763779528,3.33066907387547e-16,0.516580306867126
107.244094488189,3.33066907387547e-16,0.511435587552899
107.59842519685,3.33066907387547e-16,0.506843474738424
107.952755905512,0,0.502570978563602
108.307086614173,0,0.499044928675594
108.661417322835,0,0.495990448399315
109.015748031496,0,0.493335005788393
109.370078740157,0,0.490915289877711
109.724409448819,0,0.488910582070197
110.07874015748,0,0.486745136679755
110.433070866142,0,0.484482569449972
110.787401574803,0,0.482149300492167
111.141732283465,3.33066907387547e-16,0.479935922152373
111.496062992126,3.33066907387547e-16,0.477563811298096
111.850393700787,3.33066907387547e-16,0.475032932143749
112.204724409449,0,0.472362220452734
112.55905511811,0,0.469629873437235
112.913385826772,0,0.467155822420129
113.267716535433,0,0.464657287134349
113.622047244094,0,0.462398391616822
113.976377952756,0,0.46047137465947
114.330708661417,0,0.458432039187894
114.685039370079,0,0.456506965344543
115.03937007874,0,0.45440977903533
115.393700787402,3.33066907387547e-16,0.452432984460227
115.748031496063,3.33066907387547e-16,0.450647917313674
116.102362204724,3.33066907387547e-16,0.449015793717872
116.456692913386,0,0.447595477732402
116.811023622047,0,0.44608690687774
117.165354330709,0,0.444779432937641
117.51968503937,0,0.44337333876936
117.874015748031,0,0.441994456392209
118.228346456693,0,0.440737802096271
118.582677165354,0,0.439546572987616
118.937007874016,0,0.438337249129408
119.291338582677,0,0.437052596087611
119.645669291339,3.33066907387547e-16,0.435696664685172
120,3.33066907387547e-16,0.434182760852832
120.354330708661,3.33066907387547e-16,0.43255943728083
120.708661417323,0,0.430515884159187
121.062992125984,0,0.428662489683316
121.417322834646,0,0.426603402133963
121.771653543307,0,0.424508571218389
122.125984251969,0,0.422353333814366
122.48031496063,0,0.420052869311606
122.834645669291,0,0.417605316049339
123.188976377953,0,0.41485812912382
123.543307086614,0,0.411776419593897
123.897637795276,3.33066907387547e-16,0.408343831302912
124.251968503937,3.33066907387547e-16,0.404928299815676
124.606299212598,3.33066907387547e-16,0.401192415541625
124.96062992126,0,0.397146121789611
125.314960629921,0,0.392857309280273
125.669291338583,0,0.38868839426712
126.023622047244,0,0.384578989164413
126.377952755906,0,0.380726091028913
126.732283464567,0,0.377244618070297
127.086614173228,0,0.373859145340352
127.44094488189,0,0.37061940360366
127.795275590551,0,0.367669313898335
128.149606299213,3.33066907387547e-16,0.364825724241438
128.503937007874,3.33066907387547e-16,0.361768241278536
128.858267716535,3.33066907387547e-16,0.358804792407397
129.212598425197,0,0.355813589278577
129.566929133858,0,0.352543807056165
129.92125984252,0,0.34814115031045
130.275590551181,0,0.343101963278017
130.629921259843,0,0.337507169355042
130.984251968504,0,0.331859506789364
131.338582677165,0,0.32491766452842
131.692913385827,0,0.31731915669061
132.047244094488,0,0.308912306258372
132.40157480315,3.33066907387547e-16,0.299647726008429
132.755905511811,3.33066907387547e-16,0.289531130345949
133.110236220472,3.33066907387547e-16,0.278595946460876
133.464566929134,0,0.266475514229249
133.818897637795,0,0.2536395704667
134.173228346457,0,0.239914370715468
134.527559055118,0,0.225356009855332
134.88188976378,0,0.210071932026239
135.236220472441,0,0.194219754904689
135.590551181102,0,0.178016827387002
135.944881889764,0,0.161620254170491
136.299212598425,0,0.14526382159697
136.653543307087,3.33066907387547e-16,0.129048486700171
137.007874015748,3.33066907387547e-16,0.113370228158312
137.362204724409,3.33066907387547e-16,0.0984546513972139
137.716535433071,0,0.0844751056771554
138.070866141732,0,0.0715047902089397
138.425196850394,0,0.0596473912235965
138.779527559055,0,0.0489105783351851
139.133858267717,0,0.0394842860821245
139.488188976378,0,0.031521420636004
139.842519685039,0,0.0246913773826669
140.196850393701,0,0.0188513536303985
140.551181102362,0,0.0140105852419703
140.905511811024,3.33066907387547e-16,0.0103440870354878
141.259842519685,3.33066907387547e-16,0.00715804090788125
141.614173228346,3.33066907387547e-16,0.00464866061801268
141.968503937008,0,0.00278148796630696
142.322834645669,0,0.0020588475047103
142.677165354331,0,0.0014480957366612
143.031496062992,0,0.000849464848688041
143.385826771654,0,2.11502427836603e-16
143.740157480315,0,4.23004855673205e-16
144.094488188976,0,4.23004855673205e-16
144.448818897638,0,2.11502427836603e-16
144.803149606299,0,4.23004855673205e-16
145.157480314961,3.33066907387547e-16,4.23004855673205e-16
145.511811023622,3.33066907387547e-16,2.11502427836603e-16
145.866141732283,3.33066907387547e-16,4.23004855673205e-16
146.220472440945,0,7.40258497428109e-16
146.574803149606,0,4.23004855673205e-16
146.929133858268,0,4.23004855673205e-16
147.283464566929,0,4.23004855673205e-16
147.637795275591,0,2.11502427836603e-16
147.992125984252,0,4.23004855673205e-16
148.346456692913,0,4.23004855673205e-16
148.700787401575,0,2.11502427836603e-16
149.055118110236,0,4.23004855673205e-16
149.409448818898,3.33066907387547e-16,4.23004855673205e-16
149.763779527559,3.33066907387547e-16,2.11502427836603e-16
150.11811023622,3.33066907387547e-16,4.23004855673205e-16
150.472440944882,0,7.40258497428109e-16
150.826771653543,0,4.23004855673205e-16
151.181102362205,0,4.23004855673205e-16
151.535433070866,0,4.23004855673205e-16
151.889763779528,0,2.11502427836603e-16
152.244094488189,0,4.23004855673205e-16
152.59842519685,0,4.23004855673205e-16
152.952755905512,0,2.11502427836603e-16
153.307086614173,0,4.23004855673205e-16
153.661417322835,3.33066907387547e-16,4.23004855673205e-16
154.015748031496,3.33066907387547e-16,2.11502427836603e-16
154.370078740157,3.33066907387547e-16,4.23004855673205e-16
154.724409448819,0,7.40258497428109e-16
155.07874015748,0,4.23004855673205e-16
155.433070866142,0,4.23004855673205e-16
155.787401574803,0,4.23004855673205e-16
156.141732283465,0,2.11502427836603e-16
156.496062992126,0,4.23004855673205e-16
156.850393700787,0,4.23004855673205e-16
157.204724409449,0,2.11502427836603e-16
157.55905511811,0,4.23004855673205e-16
157.913385826772,3.33066907387547e-16,4.23004855673205e-16
158.267716535433,3.33066907387547e-16,2.11502427836603e-16
158.622047244094,3.33066907387547e-16,4.23004855673205e-16
158.976377952756,0,7.40258497428109e-16
159.330708661417,0,4.23004855673205e-16
159.685039370079,0,4.23004855673205e-16
160.03937007874,0,4.23004855673205e-16
160.393700787402,0,2.11502427836603e-16
160.748031496063,0,4.23004855673205e-16
161.102362204724,0,4.23004855673205e-16
161.456692913386,0,2.11502427836603e-16
161.811023622047,0,4.23004855673205e-16
162.165354330709,3.33066907387547e-16,4.23004855673205e-16
162.51968503937,3.33066907387547e-16,2.11502427836603e-16
162.874015748031,3.33066907387547e-16,4.23004855673205e-16
163.228346456693,0,7.40258497428109e-16
163.582677165354,0,4.23004855673205e-16
163.937007874016,0,4.23004855673205e-16
164.291338582677,0,4.23004855673205e-16
164.645669291339,0,2.11502427836603e-16
165,0,4.23004855673205e-16
